"yearsBP","conN","decN","wetwN","wetmN","pasN","araN","heaN","SPD","clim","conNs","decNs","wetwNs","wetmNs","pasNs","araNs","heaNs"
9000,1.25414826934306,5.00565671739743,0.23863311182982,0.215584648988784,0.336682003470821,0.0196030209788457,0.295285039685578,0.0149869653826892,-2.10882840801,0.843513809080351,3.7322182344359,0.249675987522779,0.215299516322137,0.329185974949101,0.0182165431691616,0.224149101065703
8900,1.14863429862772,4.66213434799936,0.193753747498305,0.187761835674727,0.339469288420085,0.026748831281329,0.290568624314899,0.0233540059206281,-1.79537629138,0.935508283047194,3.83747426496341,0.234024097632267,0.20340464150439,0.314516708147145,0.0231759261300876,0.246273183238141
8800,0.580293734955542,1.40008866597302,0.108975042858479,0.0849057993281459,0.245983848520328,0.0069438719299692,0.168711306394215,0.0226602105745247,-2.03688515597,0.918953259005686,3.55766585217434,0.180453967395535,0.166095825388115,0.287614870014197,0.0168463516056493,0.23218809615975
8700,1.32203846225172,4.42081360323095,0.224491173836135,0.232011221234488,0.451325086138275,0.017960542040534,0.317068636376136,0.0294047826006765,-2.41174676551,1.08226118998922,3.70006305401339,0.175739988064306,0.176922617656996,0.315565269462135,0.0124522069852518,0.247546084143032
8600,2.08001667623078,4.28993366753767,0.19757920771919,0.176148355399311,0.270634447331781,0.0157181961699546,0.241765539014265,0.0358279396866661,-2.21508703892,1.15720545994832,3.62582651759415,0.177015141471268,0.172184595194124,0.326870962246798,0.0168393691052445,0.264892999023078
8500,1.89275302323068,4.99999493025816,0.350059188480823,0.394673060020805,0.55919344499945,0.0318002879616418,0.538160568890908,0.0537241246546632,-2.55536785893,1.37964741077325,4.06040709135941,0.257376523345383,0.210684393963231,0.329832376254677,0.0237592420657984,0.273646239027082
8400,0.645374531006623,2.24760275198481,0.136373685948625,0.0699189215422985,0.10629846072861,0,0.1956553341633,0.0247216733581259,-2.38742016114,1.27818512105051,3.53536827043373,0.228004027382879,0.184679654174952,0.329940939944193,0.0159001439808211,0.292459292691329
8300,2.13077450830277,4.26391810640483,0.301100987784756,0.301476717525625,0.509342064468027,0.0242849282396013,0.53676443945196,0.028043472799919,-2.35642854651,1.44187515599635,3.91126784884828,0.262511287404735,0.207810069964273,0.354606662943794,0.0121424641198009,0.326956349800812
8200,1.95899200267676,3.48999417179264,0.228670160627732,0.224982911220417,0.219069408719832,0.0162380814533851,0.400119108849295,0.0231570457804247,-2.38810345149,1.67165820061656,3.72181003064768,0.222048278120371,0.208984852743227,0.337406680129472,0.0202615048464934,0.342606419020011
8100,1.38027411750264,3.34862861819308,0.49356181910004,0.22651828732337,0.315920647871787,0.0161410544420255,0.439712578023108,0.0423477739825084,-2.55291640232,1.68136414315838,3.5576218144219,0.341110989170843,0.213829409199308,0.347397651465395,0.0161895679477055,0.381320886395567
8000,2.03329548566366,3.02798532590088,0.667522883499633,0.181791513922961,0.309891745669947,0.0306366138256673,0.386954303668088,0.0461181282026373,-2.43499661665,1.67357727806386,3.76110889691288,0.463251621075802,0.225940123523659,0.327192888541348,0.0233888341338466,0.391304553151561
7900,2.55283359540767,5.27048818048753,1.02989410706533,0.343872895852292,0.344311380241312,0.0189199503525199,0.507894978365926,0.0710349859267223,-1.5266950666,1.78359070676002,3.86731821906995,0.730326269888334,0.239922832850885,0.337718164671281,0.0247782820890938,0.429323044487512
7800,2.01132424804828,3.38447605297184,0.824306620458007,0.290407504222016,0.246005833101661,0.00978494623655914,0.629969345115256,0.0689319194014979,-1.28821349932,2.01124899293363,3.75413601724922,0.840574537007657,0.254205226453723,0.292977077257311,0.0143524482945398,0.442438583948133
7700,1.77214456578186,2.46513967477712,0.480676692649587,0.197218313862112,0.21400823086011,0.00722425058113695,0.230824976062353,0.0561370787218533,-0.895582606312,1.95147733584681,3.43727911031409,0.778292473390975,0.229523383183886,0.308364187276097,0.00850459840884828,0.447462818505141
7600,3.61976029295135,6.01563946804347,1.08746826373238,0.373661905974344,0.386523729910557,0.051135948843632,0.625033868362094,0.0509984959689602,-0.800511634554,2.22827205089258,3.90828369982142,0.797483858946658,0.267491256237892,0.290818710910744,0.0291800997123847,0.460072736920874
7500,2.79769708260865,4.10909193850746,0.824848444408813,0.474016421183213,0.391993705432264,0.0173256733553698,0.348163927389234,0.080189854312084,-1.18788359348,2.46450921174358,3.88893042883425,0.79766446693026,0.289058719195091,0.315522181869663,0.0342308110995011,0.452650568140865
7400,2.52919086071633,2.66353045821492,0.7138784497613,0.169184931753335,0.148142639834944,0.0208374826188039,0.21189676437729,0.0689432185610417,-1.07468548212,2.54715844091902,3.78562246463704,0.875398385967498,0.282083971761705,0.291553895007256,0.0190815779870871,0.420105451905749
7300,2.63398665032938,3.00691354493819,0.841151731560497,0.331995175753985,0.300882331482334,0.0506590281884323,0.35835282548396,0.0765757006830666,-1.22455415588,2.56068395007264,3.74290808048018,0.793292875243537,0.295268582815532,0.290266835837597,0.0357482554036183,0.416019526450873
7200,2.07807405818278,2.13055076836682,0.339296170345911,0.119105907850811,0.110585722874719,0.0104813664596273,0.116750167048379,0.0788877170405923,-1.02609742113,2.57180891842839,3.63072876078842,0.631442117222569,0.287432882056514,0.256877456213798,0.03057019732403,0.360141696262652
7100,4.30933660597944,4.71973703105453,0.975436633169427,0.46935315728727,0.281740965653405,0.0392261455311112,0.357432822261158,0.0753567077854768,-1.15055454141,2.99467425846132,3.56188486710929,0.718628178358612,0.303117914735886,0.261982475149762,0.0248537559953695,0.321207907283495
7000,1.93023704531483,2.15095180238556,0.630485875556445,0.228678448524178,0.133351018164065,0.00964894372838998,0.20597915417355,0.0753815741214467,-0.826920930827,2.7130870505219,3.40769433578601,0.648406226357261,0.295401782773656,0.250460016193184,0.0244375446297508,0.317658504156523
6900,2.19675946415936,1.71459639143075,0.322106279104019,0.13568557103407,0.119695458970518,0.0104123444560102,0.200589218142534,0.0740939705207255,-1.00375189731,2.61293078078035,3.31387642536771,0.642676262609963,0.287710189920151,0.212341691773178,0.0100306440922003,0.257023554125158
6800,2.78680655016913,3.23511025282955,0.741239416093731,0.267336156254057,0.161260985310132,0.00998557176263802,0.262868635876869,0.0505916154850474,-1.20354236006,2.65586672902249,2.96631027346597,0.564610523584732,0.274419471205115,0.179379874612874,0.0101989581093243,0.244838512480534
6700,2.27612634859062,3.05558405742584,0.677055397603539,0.319870707112536,0.1660693640989,0.00671708655414016,0.262072603699141,0.052179890469562,-0.498282691146,2.59622334539936,2.83462178833077,0.58013369760043,0.25515125694628,0.18194083522201,0.00835132915838933,0.252006489526513
6600,2.29954707987213,2.60369651127271,0.42030198929623,0.187963720247968,0.204591905620303,0.0306640299312684,0.270296528813269,0.0986989931756826,-0.828343606892,2.63313551568092,2.82714254496299,0.612865600997833,0.257498605508109,0.168185060098863,0.0186905582427045,0.239427018573557
6500,2.86651746429625,4.0385057983143,0.951954078364067,0.329220920476749,0.211219349754973,0.0120949058335098,0.499988716650331,0.081118841679012,-0.788562921508,2.39266565873372,2.95609157663501,0.683103821754612,0.257151823598455,0.182561292510328,0.0213794678823893,0.294175382802407
6400,1.94969880694791,2.18084079998036,0.332200631734133,0.201814816637838,0.0986598183102675,0.0121054355833068,0.306664676603313,0.0858157712138832,-0.504670985033,2.39590928567257,2.9623778305867,0.568152233131476,0.267490437196833,0.15640684288988,0.0121001707084085,0.286922790565572
6300,3.82479670267397,4.43047395372356,0.726042302777589,0.337685360838799,0.232549008561836,0.0200401790448422,0.44957385481767,0.101936194038529,-0.761597889493,2.667248825425,2.92621994592033,0.670065670958596,0.251031962640774,0.170577984375276,0.0160728073140747,0.321722033514732
6200,2.00697136173815,2.89632334338052,0.419882360878015,0.172926769429374,0.0804271735342065,0.0143615698806593,0.204487383937718,0.135560197242902,-1.15586440035,2.53727629401984,3.0193913885447,0.492708431796579,0.244063002753924,0.164968229312945,0.017200874462751,0.322278914342616
6100,3.67217352300595,3.75570646584779,0.609204451844368,0.391951599336414,0.263919870345646,0.0336574442171185,0.471156128472314,0.098476107112537,-0.85946054975,2.76995082308906,3.27453014784683,0.58504303849999,0.276096256291717,0.179633784318019,0.0240095070488891,0.352034270427679
6000,2.60313563525573,3.75121883797898,0.96701955467176,0.241879488247062,0.152334224785266,0.0206051336172579,0.362120824712209,0.0944618707166596,0.103485178843,2.82054891565299,3.33904372099051,0.665368789131381,0.272914172790842,0.177671621558928,0.0271312889171884,0.366326873429546
5900,2.05708573984612,2.11835501826059,0.407702796213141,0.336893765590752,0.226950612468021,0.0197785150391785,0.330060687391844,0.125349773195378,0.436134211535,2.68564362824464,3.22189009109485,0.661308934243089,0.275042055100619,0.180865722537174,0.0201918243282184,0.374864610369343
5800,4.36272017421147,5.13734066380006,0.946624745094998,0.603743264241939,0.422254268242952,0.0263641468660154,0.628619738273365,0.10056531640595,-0.146398058982,3.0878138561219,3.53859561016077,0.773782365326633,0.327014498099866,0.211013568035456,0.0230713309525972,0.393240470601205
5700,2.72256219312704,2.51931611341623,0.495980001999079,0.258568827983316,0.132366507293784,0.0257977204319715,0.253143923365809,0.102238993915922,-0.334435093494,2.90410810453074,3.34869689954851,0.616769181102406,0.318182986538187,0.215828809318816,0.0260809336489937,0.385594648710133
5600,2.72401959650574,2.89841602217581,0.513004812996439,0.392709258981069,0.245155025529827,0.0215193400730672,0.460858169069356,0.0935155494723838,-0.649076092508,3.02361614365867,3.43839380232294,0.651869853363505,0.342044791831091,0.217629668885672,0.0236585302525196,0.387206693603231
5500,3.74500525335501,3.65766459587518,0.815214347918218,0.249816991716823,0.181229668509153,0.0419966008762627,0.583212699782812,0.129278009203086,-0.492477344047,3.03575476538352,3.3417926325919,0.608066387637912,0.331061245690844,0.232030025310664,0.0317579704746652,0.44131031015253
5400,2.03786269311422,3.25855439899809,0.426112233427846,0.445711359315141,0.251064194498971,0.0240982050372196,0.553693374552583,0.104084323612255,-0.599293234718,2.94154260835993,3.38707151454409,0.584777131447501,0.365159319426564,0.230193500189711,0.0330474029567414,0.453101345306854
5300,2.57259973541208,4.0481922641331,0.560029598372457,0.300408323540378,0.211288049516669,0.0360190948955714,0.526888230872241,0.106817834134943,-0.684067548982,3.02746160762093,3.42363223932976,0.600452059906173,0.35371640995206,0.23861547515134,0.0300586499663957,0.476639546186858
5200,2.39603669898717,2.78227494096399,0.469148822760652,0.215337475057947,0.159447244496669,0.0144194794262871,0.328601681652686,0.0834190615389582,-0.648766264246,2.69968102841688,3.30251425220288,0.485096884853651,0.350398658303421,0.228972136869718,0.0252192871609295,0.47643111679555
5100,2.39813001377891,2.88951286653871,0.334411314546501,0.371244452834455,0.250529359851661,0.0224426695830131,0.487700280488518,0.0878591707025648,-0.701761162484,2.64560899852552,3.39890898323765,0.454529911893203,0.354692494208884,0.204440007099533,0.0184310745046503,0.456299765683429
5000,2.37224129977587,3.33878187293767,0.509485017247991,0.248933047148778,0.210248651079584,0.039746198517939,0.468154911625592,0.0932284964560635,-0.620290414326,2.58697928240388,3.17408913437985,0.437681718185048,0.310341217072238,0.215566027640362,0.0310944340504763,0.487015621149112
4900,3.03380974900799,4.15633833397722,0.45818506672363,0.346503716575191,0.285212977376344,0.0329446190037343,0.581871974083519,0.127003482358447,-0.457834877004,2.46844669834604,3.37871691194997,0.434027132839374,0.321333078146223,0.221288592189864,0.0363454087608369,0.504303307579707
4800,2.62754820723525,4.4417990246084,0.392860146657239,0.339932221337877,0.359055331615542,0.0364897439806118,0.617603101716059,0.13854768963505,-0.184293639907,2.56672761736621,3.57163978725404,0.453510076876286,0.314735948440824,0.24669225834792,0.0347171814921733,0.5092162221416
4700,2.00249950154362,2.75214824302065,0.344068734518076,0.294978132678348,0.297990915559234,0.0370560256574961,0.505920982100263,0.0957073915023408,-0.136906948417,2.47171091172147,3.45845024314723,0.398371315966315,0.320381091061014,0.253396075642243,0.0367728848190542,0.502391594648411
4600,3.2813792175802,3.06421157597823,0.289420802599174,0.369196217011699,0.165034200479852,0.00998778038613765,0.330370444439216,0.0951302069926066,-0.0105101156966,2.61926799815364,3.43415739026975,0.342116561258163,0.310816698273084,0.246788382922698,0.0235219030218171,0.474317625157979
4500,2.60334661203939,3.20812050682986,0.309900703855486,0.251357400808957,0.194760610490392,0.0182402137760032,0.400887947118254,0.0953873654514655,-0.321275334402,2.65347076453038,3.32914842060684,0.314463413657578,0.304685332931657,0.25183314949323,0.0141139970810707,0.484644234510203
4400,1.90721063797644,2.77006470468076,0.483052512148443,0.37128389646469,0.186026751623912,0.0100533932532578,0.598467512369838,0.115080636379853,-0.342537893745,2.57596565423048,3.32762214107144,0.360791339534367,0.324178635607499,0.24261849117498,0.0141468035146307,0.500468124778963
4300,2.11710309981338,2.69891184087446,0.301607030672451,0.184314387305041,0.158285216509515,0.0210553873170696,0.23681178045664,0.103256435412695,-0.669803582835,2.42318121269804,3.30379701286341,0.364853415558793,0.300812377416323,0.235195143379256,0.0155543902851639,0.467419106040541
4200,2.47308132728239,4.24332771113122,0.361826673161246,0.410097350511979,0.273831511562873,0.033324093186695,0.463228331258217,0.102002952739462,-0.329636889559,2.3974367327059,3.4168652426376,0.382162071994046,0.320957915336723,0.233569219691617,0.0271897402518825,0.450470014208355
4100,2.81718062440662,3.05543473931618,0.422302303758247,0.347241564202589,0.227839889528278,0.0201178049216418,0.53727421274773,0.116061837592432,-0.551378467644,2.53321691984973,3.27925229330497,0.361912002530648,0.321050146290147,0.214824156536294,0.0267209490541686,0.438994458641451
4000,2.17369108156399,3.97733534808953,0.375211516322591,0.224794311585288,0.258361695155363,0.0616450897524755,0.412534936817736,0.135199730371362,-0.359082099937,2.3486022305137,3.22119433374011,0.386446831080694,0.306657907571074,0.209162839335741,0.0408814473370589,0.425653595029661
3900,1.8281648381237,2.26996179544728,0.387931786820264,0.265174125900243,0.207431141978782,0.0242658596639078,0.487100604656531,0.15770493674815,0.11201512909,2.21940526819442,3.16092102779344,0.3951485356337,0.302932406723811,0.215219545264159,0.0429554747081919,0.448043617917849
3800,3.2374490935135,5.04044834147964,0.502114257211986,0.441713394360152,0.411476364349184,0.0309300417047673,0.675189744083018,0.155944810024624,-0.812908559429,2.44111167745059,3.40795062348112,0.42175252011828,0.311997053892367,0.246178938672558,0.0275979506843378,0.487229588912815
3700,1.70911284306369,1.51759522396442,0.485252915812419,0.190901223009751,0.109272649503747,0.0196761804209832,0.903648442514931,0.14067029720617,-0.222246578147,2.37311330132565,3.19663496312294,0.458432986614889,0.304440031667467,0.235214066941106,0.0253031110628755,0.530826864647829
3600,2.2987142946607,4.13891309035332,0.326626534334397,0.334111703048216,0.28640003913891,0.0169485524338646,0.469192429691173,0.153614379485126,-0.250364230649,2.34405212922203,3.36774101133201,0.437997902452934,0.299793507490407,0.253516184459591,0.0183123664274241,0.564024100252762
3500,3.02507631844365,3.91771379613101,0.359094283038963,0.400956939597843,0.318462862100708,0.031341338773172,0.57953861333629,0.156644684949194,-0.210481358235,2.37870141156154,3.52009125573907,0.390324577728593,0.326873826527008,0.259892091679282,0.0241449456035185,0.580639854835344
3400,2.07991173618815,3.71636788916017,0.237249476419484,0.307423869972936,0.224793439900479,0.0279921139918362,0.472357434191831,0.0853955206892512,-0.475003110923,2.36307152066556,3.45422127799269,0.307656764597614,0.314039641459627,0.259456884589596,0.0296667263825043,0.571366029327358
3300,2.00239998160416,3.00848399291975,0.304558824551847,0.362000553323963,0.322797731453628,0.0313843126053758,0.630640519455068,0.104447571665582,-0.755436944461,2.39211071124564,3.44835243469314,0.300300861336764,0.315884515099799,0.268662032632205,0.0296882132986062,0.60252396970412
3200,2.76806341471207,4.05705756424171,0.30299871176341,0.328175426289379,0.208201895345506,0.0122343333287935,0.327130560385678,0.107885120433756,-0.246273748716,2.31387976477873,3.45831771171216,0.281602337578247,0.32880715443781,0.268772140256023,0.0218093229670849,0.579671106236855
3100,1.96623962228364,4.14291213404769,0.328993659559701,0.482840034146252,0.375523948834888,0.0341602948470908,0.737166155878388,0.0865273255424593,-0.0771851252165,2.35673422798206,3.69243650403721,0.312183731958319,0.356015392968562,0.263636080896838,0.0231973140879424,0.588524879350479
3000,2.05265762798985,3.42216480835514,0.258032788075034,0.263019944477996,0.175302520399028,0.0126798622530844,0.271873349377238,0.0799021248959402,0.0847759498485,2.31572478353692,3.49015106239665,0.296675053132715,0.333678711733292,0.273068919596164,0.0234200785500878,0.498271294616523
2900,2.96632574642394,4.1244976662142,0.315883889928631,0.604365080884629,0.463169213082422,0.0436969599162626,0.704022264391458,0.0735347615419406,0.23021628636,2.30593302153363,3.81601386767787,0.300970112521122,0.385361693967652,0.298321658730951,0.0281884110846737,0.531818413859421
2800,2.0032335698552,3.47010532864552,0.335694368593557,0.297148524055515,0.260058945911955,0.0142897932410316,0.395570211271293,0.0823265316179848,-0.104301123816,2.29315332714481,3.7324128974644,0.303203682199074,0.380741296593564,0.289978242132558,0.0289933765786473,0.505537213564422
2700,1.46825810077148,3.65758679310176,0.229544488047977,0.479624457975,0.315765497628899,0.0284625694188266,0.610740202345154,0.109133154820383,-0.40161848954,2.20412968033936,3.69989702208574,0.293707582190055,0.390574736390709,0.302974250379475,0.0213761813299293,0.525306180443468
2600,3.13798423822456,5.02170390061755,0.394846073654704,0.57157158036996,0.367762199323082,0.0460620199328027,0.703298252521429,0.0971552869758551,-1.00420116429,2.26578315092478,3.86306402351791,0.320028310098746,0.423593200190337,0.309397745789397,0.0372622946758149,0.535685856595805
2500,2.85438953086742,4.14601743121627,0.304888970117044,0.428116525166191,0.38604120270942,0.0414734404710436,0.384120616734935,0.0846512611107465,-0.75498793161,2.41380813568874,4.00525570330498,0.309759843939908,0.431857696670615,0.334803361127099,0.0437677302019234,0.543827293217128
2400,2.58728928431337,5.18183952656548,0.673597972926538,0.637841880757206,0.459958409397118,0.0839476607389487,0.900372858537104,0.124628272471354,-1.02811892221,2.50291341174266,4.14585344859545,0.457777672232762,0.470566003479094,0.346865426921703,0.0627105506049964,0.567142536454087
2300,2.40276684854416,3.4956279253728,0.356781087212708,0.408225143297353,0.362267143294189,0.0212717335192694,0.558115356989291,0.183246733802895,-1.13332990748,2.4089869287627,4.06494292251109,0.445089343418763,0.461239142122981,0.373574658763869,0.0526096971291093,0.608034251827238
2200,1.92994969973496,2.64259475196201,0.182940454707294,0.285045314483227,0.152492091090684,0.0218306513680608,0.218914790079365,0.180137324675195,-0.832331325248,2.39677295040932,3.96749666546195,0.404439838282179,0.463992313373635,0.32919221276505,0.0215511924436653,0.538733184068367
2100,2.71447916175147,3.8377591622598,0.279853312947337,0.456650687563871,0.316026846754631,0.0296211018399863,0.585315879986957,0.179115456614381,-1.47074219911,2.60447646057265,3.93165435246765,0.273191618289113,0.44552801420854,0.337187627171146,0.0257258766040238,0.565839708170605
2000,3.17448659887262,4.03062554866487,0.347630554405974,0.40408327116039,0.39907495501442,0.0351059774799042,0.508568789150086,0.167721077282217,-0.635200883209,2.61056018734733,4.00171937997007,0.270141440686868,0.45889485759665,0.349088978226221,0.0323635396599455,0.551243791999881
1900,2.32182847270355,3.58010292836182,0.224695439724642,0.476466947953365,0.334639764778326,0.0486762355583941,0.508267085454043,0.121142825608903,-0.894270942986,2.52180001098668,3.99203389687757,0.284059769025984,0.458500168843946,0.344357201862684,0.0418911065191494,0.52338219670454
1800,3.0748174081689,4.00533919270746,0.319442410256654,0.69062265486283,0.513207663666268,0.0818763661793963,0.744342066222825,0.111176259021269,-0.392274903365,2.60305469829594,3.86498830838881,0.297256134795756,0.473381553155554,0.362523839142234,0.0652763008688954,0.574842403774239
1700,2.55899550430345,4.19742787400164,0.37102788600452,0.468143744786588,0.516354668239351,0.0645165023884784,0.827314672864857,0.102311111666928,-0.406332438496,2.62909280758915,3.87141461373699,0.305055245328605,0.478384955608104,0.370580447548267,0.0731964342839376,0.564405520106775
1600,3.17975481932462,4.16703745762458,0.497966307825549,0.820043714684743,0.850076827133715,0.128065707611343,1.22931679371047,0.119041511771543,-0.286196686991,2.8373936608541,3.74456435511937,0.396145534695574,0.501160184849046,0.440267545239628,0.0962911049999109,0.660291439638372
1500,1.35436923566001,2.73031049296975,0.177888277328239,0.3160570922435,0.275787814131795,0.0420154204068594,0.372810263810412,0.163262179680343,-0.250646924169,2.61070867317219,3.64889967606899,0.348960823719436,0.489639178467314,0.457881219959787,0.0850405640091015,0.682276507314236
1400,1.76035534009458,2.42252327610519,0.1969204887124,0.291281960157641,0.323493333842171,0.0345972790894802,0.454216105763624,0.179263062105979,-0.790991499909,2.37502013004251,3.62139074158689,0.290925024622062,0.490418759176616,0.458947860972292,0.0383063497481701,0.663547968139474
